en,zh
"Also sink most perhaps and equally, the most helpless!","也许同样也是最沉, 最无奈吧!"
Q3. Have you encountered problems with implementation with regard to the names and identifying information as currently included in the list?,问题3. 贵国在执行工作中是否遇到关于目前列于清单中的姓名和识别资料的问题？
Imagine thousands of desktop PCs running applications with one or two connections to the database.,想像一下这种情况：几千台运行应用程序的桌面电脑共用一两个到数据库的连接。
"Truth, justice and memory were its watchwords.","""真理、正义和铭记""是该组织的格言。"
"(ii) Formal care: all care provided in a family environment which has been ordered by a competent administrative body or judicial authority, and all care provided in a residential environment, including in private facilities, whether or not as a result of administrative or judicial measures.",(二) 正规照料：由主管行政机关或司法当局下令、在家庭环境中提供的所有照料；以及无论是否由行政或司法措施促成、在寄宿环境(包括私营设施)中提供的所有照料。
"It was also said that it was important that the Rules could work in different legal environments, given that they are intended to be used in cross-border e-commerce transactions.",还指出，鉴于打算在跨境电子商务交易中使用《规则》，《规则》必须是能够在不同法律环境中运用的。
programmes of action pertaining to the situation of social,联合国行动计划和行动纲领：
30. A recorded vote was taken on draft resolution A/C.3/59/L.52.,30. 对决议草案A/C.3/59/L.52进行记录表决。
Low value payments,低价值付款
Africa,非洲
Our society will not be great until every young mind is set free to scan the farthest reaches of thought and imagination.,我们的社会将不在强大除非每个年轻人的思想释放去扫描思想的最远区域。
341. Owing to the prominence of Chinese manufactured arms and ammunition found among the materiel that the Panel documented in Darfur the Panel has sought during the current and previous mandates the close cooperation of the Government of China and more recently of its major defence materiel producers.,341. 专家组在达尔富尔查到的物资中，有大量中国制造的武器和弹药，因此专家组在本任务期及先前任务期期间，一直寻求中国政府给予密切合作，最近还寻求中国的主要国防物资厂家给予密切合作。
Summary,摘要
"In this respect, the State party should be guided by the United Nations Guidelines on Justice in Matters involving Child Victims and Witnesses of Crime (Economic and Social Council resolution 2005/20).",在这方面，缔约国应遵循《联合国关于儿童被害人和证人的刑事司法问题守则》(经社理事会第2005/20号决议)。
"Taking into account significant developments in the legal framework underpinning nuclear security, the programme will now focus on three principal areas, namely, assessing nuclear security needs, threat analysis and coordination; preventing malicious activities involving nuclear and radioactive materials; and detecting and responding to malicious activities.",考虑到核安保法律框架的重大发展，该方案现在将侧重于三个主要领域，即评估核安保需要、核威胁分析和协调；防止涉及核材料和放射性材料的恶意活动；侦查和应对恶意活动。
"Water droplets from this high pressure fog applicator will reduce the fire ground temperature to allow firemen to gain access. Some of the droplets will turn into steam and absorb heat from the fire, the remaining will wet the surface of nearby combustible materials to delay combustion.",高压喷雾喉笔所产生的微细水点能减低现场环境的温度，能保护消防人员进入火场及湿润附近可燃物品，阻止火势蔓延。
" (l) To participate in joint periodic reviews with staff of regional and country offices, responsible government officials and members of other participating agencies to assess programme effectiveness and impact and to identify lessons from programme experiences;"," ( l ) 参与 区域 和 国家 办事处 、 政府 负责 官员 和 其他 参与 机构 人员 的 定期 共同 审查 , 以 评价 方案 效率 和 效力 和 查明 从 方案 经验 得到 的 教训 。"
"45. Mr. Abdelaziz (Egypt) said it should be noted that in the event of such an agreement, delegations would not be prevented from submitting draft resolutions or decisions to either body.",45. Abdelaziz先生（埃及）说，应当指出，即使达成这样的一致意见，也不能阻止各代表团向这两个机构中的任何一个提交决议或决定草案。
"Is located in the eastern county, Sandu Bay River upstream, 27 km away from the Luo.","位于县境东部, 三都湾水系上游, 距罗阳27公里."
"Therefore, if, as some Governments claim, terrorist ""sleepers"" in their countries are likely to be Muslim, Middle Eastern and South Asian men, then it would be crucial for lawenforcement agencies to enjoy the cooperation of the respective communities.","因此，如某些国家政府所主张，如果在其国家内""潜伏的""恐怖分子很可能是穆斯林、中东和南亚男子，那么对执法机构来说，获得各个社区的合作将是至关重要的。"
She left after 12 seconds.,她在12秒前走开了。
A trade union is freely organized and administered and drafts its own programme.,165. 工会属于自由组织和管理，并且自行制定计划。
"Target 2014-2015: 22,500,000 (visits and downloads); 1,000 Twitter followers and Facebook users",2014-2015年目标：22 500 000(访问和下载)，推特和脸书上有1 000名关注者
"446. Tertiary level enrolment went up by 15%, from 28,864 students in 2005 to 33,230 in 2006.","446. 高等教育入学率上升了15%，从2005年的28,864名学生增至2006年的33,230人。"
"By the end of 1993, the Patent Office of China had handled over 360,000 applications for patent rights.",到1993年底，中国专利局累计受理专利申请36万多件。
Background - Particulate air pollution has been associated with cardiovascular mortality and morbidity.,背景 - 空气污染颗粒与心血管致病率和死亡率有联系.
Antigua and Barbuda,安提瓜和巴布达
The FAO Environment and Natural Resources Service hosts the GTOS secretariat at its headquarters on behalf of the GTOS sponsors.,26. 粮农组织代表全球地面观测系统资助人在总部的环境和自然资源部设立了全球地面观测系统秘书处。
Sign-up is free and easy by visiting the e-Subscription page <http://undocs.org/>.,注册免费，也很方便，只需访问电子订阅页面<http://undocs.org/>。
Awareness-raising,提高认识
"69. An asylum-seeking child should be represented by an adult who is familiar with the child's background and who is competent and able to represent his or her best interests (see section V (b), ""Appointment of a guardian or adviser or legal representative"").","69. 必须由熟悉儿童的背景、有能力并且能够代表他或她最大利益的成年人作为申请难民身份儿童的代表(请参阅第五部分(b)""指定监护人或顾问或法律代表"")。"
All that is gold does not glitter.,闪光的未必都是金子.
Amy:Hooray! Lingling is a fantastic goalkeeper.,埃米：好哇！玲玲是一名奇妙的守门员。
"He noted also that a number of States considered the article conferred the same rights as those under article 15 of the Universal Declaration of Human Rights and article 24, paragraph 3, of the International Covenant on Civil and Political Rights.",他还指出，一些国家认为，这一条赋予与《世界人权宣言》第15条和《公民权利和政治权利国际盟约》第24条第3款同样的权利。
"17. United Nations Logistics Base, Brindisi",17. 联合国布林迪西后勤基地
"With the amendment to the family relationships policy, fifteen additional cases that previously would have been identified as raising a potential conflict of interest were resolved with proactive advice.",随着家庭关系政策得到修订，另外15 个以往会被认为产生潜在利益冲突的个案通过积极主动的建议得到了解决。
Innovation as Dynamics: New Development of Research in Historic Dynamics,创新动力论：历史动力研究的新发展
"By the year-end, 10,000 people will have a chance to take the test at 19 centres in the six cities and possibly others to be selected, according to the US-based Educational Testing Service (ETS).",据美国教育考试服务中心介绍，到今年年底，这六个城市的考点将增加到19个，考生也将增加到1万个。
"I called my servant, and he gave me no answer; I intreated him with my mouth.",我呼唤仆人，虽用口求他，他还是不回答。
"He kept his seat, and shrank closer to the fire.",他还坐着，向火炉那边更挨近些。
"That decision emanated from the Modern House of Tokelau approach, whereby the traditional Council of Elders on each atoll should serve as the foundation for any future governance structure.",这项决定源自托克劳现代议会的办法，其中规定每一个环礁岛的传统长老理事会应成为今后任何治理结构的基础。
In 2003 a case was brought by the Endorois community (a semi-nomadic indigenous community in Kenya) before the African Commission on Human and Peoples' Rights challenging eviction from their ancestral lands for the creation of a national reserve.,2003年， Endorois社群(肯尼亚一个准游牧土著社群)向非洲人权和人民权利委员会起诉，质疑为建立国家保护区，将他们从祖辈留下的土地逐出。
"Nevertheless, some of those States made clear that the order should not be executed if it constituted a criminal offence.",不过 ， 其中 有些 国家 明确 表示 ， 如果 执行 命令 构成 刑事犯 罪 则 不应 执行 命令 。
Latin America accounted for 6 per cent of global opium production in 2001.,拉丁美洲现占全球鸦片产量的6%。
This commitment stems naturally from the decision to align yourself with the polarity of unconditional love.,这种承诺自然根源于你把自己与无私的爱的一极看齐。
"If your land is within an area covered by either a DPA plan or an outline zoning plan (OZP) which has replaced a DPA plan, it is subject to statutory planning control and the enforcement provisions under the Ordinance will apply.",倘若你的土地位於发展审批地区图所涵盖的范围内，或位於已取代发展审批地区图的分区计划大纲图所涵盖的范围内，则有关土地便会受到法定规划管制，而条例的执行管制条文亦会适用。
We also very much appreciate the assistance of those who provide funds and of governmental and non-governmental organizations.,我们也非常感谢来自提供资金者以及来自政府和非政府组织的援助。
He never fails to come on Sunday.,他星期天准来.
On 27 April 2001 the Taraz city court sentenced her to four years' imprisonment.,2001年4月27日，Taraz市法院将该名妇女判处四年有期徒刑。
"I mean, it's just a silly game, anyways.",不就是场愚蠢的比赛吗？
Fine. take off your pants.,好，脱掉你的裤子。
"It was further agreed that Mr. Brian Pink would first discuss the subject with Queensland University prior to a planning meeting with potential partners, to be organized by the secretariat in May 2009.",主席团还进一步商定在定于2009年5月由秘书处组织的、与潜在合作伙伴举行的规划会议之前，将由Brian Pink先生与昆士兰大学先期讨论这一主题。
"(d) Establish a rigorous system for monitoring the services provided by care institutions, especially by nongovernmental care institutions; and",制定严格的制度，用以监测照料机构、特别是非政府照料机构提供的服务；
The ultimate sonataof that opus;,乐曲最后的奏鸣曲；
"Smaller increases were registered in Peru (from 51,400 ha in 2006 to 53,700 ha in 2007, equal to an increase of 4 per cent) and Bolivia (from 27,500 ha to 28,900 ha, an increase of 5 per cent).","秘鲁（从2006年的51,400公顷增加到2007年的53,700公顷，相当于增长4%）和玻利维亚（从2006年的27,500公顷增加到2007年的28,900公顷，增长5%）的增幅较小。"
Page,页次
This is going to be a very (expensive/ painful/ serious) broken leg. Oh no!,这次摔断腿（花费可不小/可是会很痛/会很严重）。
"Premier Zhu Rongji on Human Rights Of the foreign guests the Chinese leaders meet with, very few fail to mention the question of human rights.",所有跟我们中国领导人会见的外宾，很少有不谈人权问题的，好像不谈中国的人权问题回去就不好交待。
"Malaysia notes that the drug problem remains a major concern, especially with the resumption of poppy cultivation by Afghan farmers.",马来西亚注意到，毒品问题仍然是一项重大关切，尤其鉴于阿富汗农民已经恢复罂粟种植。
This rate is very low volume of economic and extensive.,"这样低的容积率是很不经济的,粗放式的."
(c) Improved geographical representation and gender balance of staff,(c) 改进工作人员地域代表性和性别均衡
"They closed the circle again, and the little people sang and danced wildly forth.",舞圈马上又合拢了，小人们又继续载歌载舞，欢乐无比。
"(d) In accordance with their domestic law, to explore ways and means of responding adequately to requests by host States for support and assistance in order to enhance their capacity to conduct effective investigations in respect of crimes of a serious nature alleged to have been committed by United Nations officials and experts on mission;",(d) 依照其国内法，探讨各种方法和手段，充分响应东道国有关支持和援助的请求，以加强其能力，对据称联合国官员和特派专家所实施性质严重的罪行开展有效调查；
The hurricane was expected to pass near North Carolina's Outer Banks last night.,这次的飓风被预计将于昨天夜里路过北卡罗琳娜州的外邦科斯。
"Established links with local communities of the Sahel region enabled Al-Qaida in the Islamic Maghreb not only to ""confront and resist government security services but also undermine Sahelian States from within"".","与萨赫勒当地社区建立的联系使伊斯兰马格里布基地组织不仅能够""对抗和抵御政府安全部队，还能够从内部削弱萨赫勒地区各国""。"
The mixture may be reignited by other burning material or hot surfaces.,该混合物可能被其它正在燃烧的材料或炎热的表面重新点燃.
"If you get a heart to hunt for sunshine, then mood is as brilliant as sunshine.",如果你有一颗发现阳光的心，那么心情就会像阳光一样灿烂。
"Cluster weapons in common use are described in various publications as having a failure rate of between five and ten percent, so that the use of two such weapons, each containing 150 bomblets would be likely to leave between fifteen and thirty unexploded bomblets in the area of attack.",各类出版物称，集束武器在一般使用时故障率为5%到10%，因而在使用两件这类武器(其中各含有150枚子弹药)时，有可能给攻击区留下15枚至30枚未爆炸的子弹药。
G-spot( Grafenburg spot) An area located on the front of the inner upper wall of the vagina that may( or may not) be highly erogenous.,在阴道前壁靠阴道口处受压力刺激仍易产生（不产生）高潮的强烈快感区。
"It is nothing but earth, like all the other earth.",那里只有泥土，和其他地方的泥土没什么两样。”
"A simple introduction to the UN, written in question-and-answer format for students.","* 联系点: GA-057室,电话分机3.4475,传真963-0071。"
establishment of communication network to control/prevent trafficking of women and children;,建立交流网络，控制/防止贩运妇女和儿童；
"This State will apply the Convention only to differences arising out of legal relationships, whether contractual or not, that are considered commercial under the national law.",该国只将公约适用于根据国内法被认为属于商业性质而无论是否属于合同性质的任何问题在法律关系上所产生的分歧。
24 April 1962,1962年4月
"216. Under article 32 of the Constitution, every citizen has the right to education.",216. 根据《宪法》第32条，每个公民有权利获得教育。
"(e) Advise the Executive Secretary on the provisional agenda for sessions of the Commission and committees subsidiary to the Commission, bearing in mind the need to ensure a results-oriented and focused agenda that is aligned with the development priorities of member States, as well as chapter II of its rules of procedure;",(e) 就经社会会议和经社会附属委员会会议的临时议程向执行秘书提供咨询意见，同时铭记需要确保议程内容侧重实际成果、重点突出、而且与各成员国的发展优先重点、以及与其议事规则第二章的内容保持一致；
They all said it -- every one of them.,他们全都这么说，夫人。
Letter dated 12 May 2000 from the Under-Secretary-General for Communications and Public Information addressed to the Chairman of the Committee on Information,主管传播和新闻副秘书长在新闻委员会第二十二届会议
Sudan country office,苏丹国家办事处
A new generation of internet porn companies have put ever more free pictures and video on their sites in the hope that the massive traffic they garner will yield a few paying subscribers.,新一代网络色情公司将更多的免费图片和视频放到它们的网站上，希望由此所引来的巨大访问量会给它们带来一些付费订户。
"(ii) Action Plan against Illicit Manufacture, Trafficking and Abuse of Amphetamine-type Stimulants and Their Precursors;",《打击苯丙胺类兴奋剂及其前体的非法制造、贩运和滥用行动计划》；
"The Strategy also clearly affirms that terrorism cannot and should not be associated with any religion, nationality, civilization or ethnic group.",这项战略在一个共同战略框架下汇总了一系列新的建议和加强正在进行的各种活动的做法，供会员国、联合国系统以及其他国际和区域行动方采用。
"Information in the technical papers should, as far as possible, include references to the relevant subsection of the relevant assessment report and other related material.",技术文件中的资料应尽可能参照相关评估报告和其他有关材料的关联内容。
Do not put off till tomorrow what can be done today.,今天可做的事不要拖到明天再做.
Our problem today is the refusal of the biggest polluters to assume their responsibilities in reversing the negative trends of climate change occasioned by human activity.,我们如今的问题是，最大的污染者拒绝承担责任来扭转人类活动引起的气候变化的负面趋势。
Did you fill in the form without pressure from others and with your own free will and judgement?,你在填写申请表格的时候真的没有任何旁人的左右，完全是出自你自己的意愿和判断吗？
"The Public Gatherings Act No. 7 of 2004, as amended in 2007, regulates public marches and rallies in a manner designed to protect lives and public and private property and to ensure that the organizers of such events are able to control them.",经2007年修订的2004年第7号《公共集会法》，管理公共游行和集会，旨在保护生命以及公共和私人财产，并确保这类活动的组织者有能力加以控制。
"It was generally agreed that the National Transitional Government of Liberia should be encouraged to take steps to address the grievances of the population, including: paying civil servants' salary arrears; instituting strict measures to effectively address corruption; ensuring transparency in the management of public funds; and improving its communication with the public.",他们普遍同意，应鼓励利比里亚全国过渡政府采取措施处理民众的抱怨，包括支付拖欠公务员的薪金；制定严格措施有效对付腐败；确保公共资金管理的透明度；并改善与公众的交流。
What accounts for that conspiracy?,这种约定的理由是什么？
"Report of the Secretary-General on the implementation of the regulations governing the status, basic rights and duties of officials other than Secretariat officials and experts on missions",秘书长的报告：关于非秘书处官员和特派专家的地位、基本权利和义务的条例的执行情况
Marcos Matías Alonso (Mexico),Marcos Matías Alonso(墨西哥)
"Trans-disciplinary theme: Who we are. Central idea: We look different, but our hearts are connected.",中心思想：虽然我们各有不同，但心心相印。
"In an effort to increase the sharing of the outcome of the work of the functional commissions, the Chairperson of the Commission on the Status of Women transmitted its agreed conclusions on relevant topics to the Chairperson of the Commission on Sustainable Development acting as the preparatory committee for the World Summit on Sustainable Development and of the Commission for Social Development acting as the preparatory committee for the Second World Assembly on Ageing.",为了增强职司委员会工作成果的交流，妇女地位委员会主席向担任可持续发展问题世界首脑会议筹备委员会的可持续发展委员会主席和担任老龄问题世界大会筹备委员会的社会发展委员会的主席转送了妇女地位委员会对有关问题的商定结论。
Hang on.ma. I gotta call 911.,等下，妈，我打911。
He began to perspire heavily.,他开始大量出汗。
"The Unit ensures that local aviation standards and international standards on equipment and facilities are adhered to in all missions and provides support for airport master planning, airfield repair programming and the management of air and ground support services in order to meet the field missions' airfield and air terminal requirements.",该股确保各特派团遵守关于设备和设施的当地空运标准和国际标准，并对航空站总规划、机场维修方案拟定以及空中和地面支助服务管理给予协助，以满足外地特派团的机场和航空站需求。
"5.20 The use of outside expertise to supplement the work of the Department will not be necessary during the biennium. Accordingly, the previous appropriation of $97,400 could be surrendered.","5.20 此两年期内无须聘用外来专家辅助该部的工作,从而可以交还先前所拨的97 400美元的经费。"
China 2004,中国.
They claim many advantages for a nearly introuduced article.,他们声称推广的商品有很多优点。
The Committee adopted draft resolution A/C.2/64/L.66.,委员会通过决议草案A/C.2/64/L.66。
A third factor is the quality of available labor.,第三个因素是可利用劳力的素质.
"All these are indispensable elements in establishing democratic and peaceful societies, and, in particular, safer societies.",这一切都是建立民主和平社会、特别是建立更安全社会不可或缺的因素。
Soli Jehangir Sorabjee (India),Soli Jehangir Sorabjee (印度)
The Centre for Gender Equality provides directions and seminars for employers on how to draw up an equality plan.,两性平等中心就如何草拟平等计划向雇主提供指导并举办了讨论会。
"NAM also believes that the issue of proliferation should be resolved through political and diplomatic means and that measures and initiatives in this regard should be taken within the framework of international law, relevant multilateral conventions and the United Nations Charter.",不结盟运动还认为，不扩散问题应通过政治和外交手段加以解决，同时认为，应在国际法、相关多边公约和《联合国宪章》的框架内，采取这方面的措施和举措。
"It was indicated that the states and regions would have their own executive and legislative bodies in the ""envisaged new structure"".","文件表明，在""设想的新的结构""中，各邦和各省拥有本身的行政和立法机构。"
"He said that an in-depth study had been performed on the impact of funding for existing HPMP stage I agreements on the decrease of consumption in selected future years (funding for nonLVCs and LVCs), but the task force was not able to give any quantitative results.",他提到对在选定的未来年份中（对非低消费量国家和低消费量国家供资）现有淘汰氢氟氯化碳管理计划第一阶段协定的供资对消费量减少的影响，已经进行了一项深入的研究，但工作队不能提供任何数量结果。
The stakeholders listed below have contributed information for this summary. The full texts of all original submissions are available at: www.ohchr.org.,The stakeholders listed below have contributed information for this summary. The full texts of all original submissions are available at: www.ohchr.org.
"It circled over Riyaq, Baalbek and Hirmil before leaving at 1220 hours over Naqurah.",飞机在Riyaq、Baalbek和Hirmil上空盘旋，然后于12时20分从Naqurah上空飞离。
"Mr. BRASACK (Germany): Thank you very much, Mr. President, for the indulgence of allowing me the floor for a second time in this CD session.",布拉萨克先生(德国)：非常感谢主席先生，宽厚地允许我在本届裁谈会上第二次发言。
IDB.3/24,IDB.3/24
"In Indonesia, for example, the terms of reference for the head of field office/team leader in one sub-office mentioned as a required skill ""programme experience, particularly in the shelter rebuilding area"".","例如在印度尼西亚，某个分区办公室的外地办事处/小组领导人的职责范围要求具有以下技能：""方案经验，特别是重建住所方面的经验""。"
"3. Urges the transitional authorities of Mali to expeditiously put in place a credible framework for negotiations with all parties in the north of Mali who have cut off all ties to terrorist organizations, notably AQIM and associated groups including MUJWA, and who recognize, without conditions, the unity and territorial integrity of the Malian State, and with a view to addressing the long-standing concerns of communities in the north of Mali, and requests the Secretary-General, through his Special Representative for West Africa, in coordination with the ECOWAS Mediator and the High Representative of the African Union for Mali and the Sahel, and the OIC, to take appropriate steps to assist the transitional authorities of Mali to enhance their mediation capacity and to facilitate and strengthen such a dialogue;",3. 敦促马里过渡当局迅速建立一个可信的框架，与马里北部所有同恐怖组织，特别是伊斯兰马格里布基地组织及包括西非统一和圣战运动在内的相关团体断绝一切关系并无条件承认马里国家的统一和领土完整的各方进行谈判，以消除马里北部社区的长期关切，请秘书长通过负责西非问题特别代表，协同西非经共体调解人和非洲联盟马里和萨赫勒问题高级代表及伊斯兰会议组织，采取适当步骤，协助马里过渡当局提高其调解能力，促进和加强这一对话；
"12.40 During the biennium 2010-2011, projected extrabudgetary resources of $9,083,700 would be used, inter alia, for: (a) research and policy analysis on foreign direct investment issues for the publications, brochures and materials of the subprogramme, such as the World Investment Reports and least developed countries investment guides; (b) advisory services and training courses, inter alia, to support investment policies, treaties and facilitation, to strengthen the capacity of Governments of least developed countries and countries with economies in transition to enhance foreign direct investment and utilize it to support national development goals and to assist in the area of corporate transparency and accounting, foreign direct investment statistics, international investment agreements and the transfer of and access to technology and intellectual property; (c) field projects related to UNCTAD capacity-building programmes to promote the development of small and medium-sized enterprises, such as Empretec; and (d) to improve corporate responsibility and governance.",12.40 在2010-2011两年期，预计预算外资源9 083 700美元将特别用于：(a) 外国直接投资问题研究和政策分析出版物、小册子和次级方案材料，如《世界投资报告》和最不发达国家投资指南； (b) 咨询服务和培训课程，特别是支助投资政策、条约和便利化，以加强最不发达国家和经济转型国家政府的能力，以增加外国直接投资，并利用外国直接投资支持国家发展目标，并在公司透明度和会计、外国直接投资统计、国际投资协定以及转让和开放技术和知识产权等方面提供协助；(c) 与贸发会议能力建设方案相关的外地项目，以促进中小型企业的发展，如经营技术方案；(d) 增进企业责任和治理。
"Asustek also unveiled a new, thinner version of its flagship Eee PC netbook this week that starts at less than $200.",华硕本周也发布了新一代旗舰EeePC上网本，机身更薄，起价不到200美元。
OBJECTIVE To compare the fingerprints of Paris polyphylla Smith var. yunnanensis of different growing years and explore its optimal harvesting year.,目的比较不同生长年限滇重楼的高效液相色谱指纹图谱，探索滇重楼的最适宜采收年限。
"Our hope is that partnerships will be formed within our civil societies to develop projects, programs, policies and legislation of best practices which will specifically focus on the girl child's full participation in her community.",我们的希望是，应当在我们的民间社会中建立合作伙伴关系，制定项目、方案、政策和最佳做法法律，尤其侧重女童全面参与社区。
Identify those experts whose activities and interests are no longer relevant to DLDD;,确认其活动和利益不再与荒漠化、土地退化和干旱问题相关的专家；
"The present report on the financial status and activities of the Fund includes information on the participation of beneficiaries of grants from the Fund in the twenty-sixth session of the Working Group, held in Geneva from 11 to 15 June 2001, and on the consideration by the Working Group of its relevant agenda item on the Fund.",本报告论述了基金的财政状况和活动情况，所载资料涉及基金会赠款的受益人参加于2001年6月11日至15日在日内瓦举行的工作组第二十六届会议的有关情况。
Increased the level and the damage for certain high level elemental damage affixes.,增加等级、伤害和某些高等级元素伤害的附加属性.
"Continue with the social investment focusing on the most vulnerable sectors of the population, particularly the elderly, women, children and other groups in situation of vulnerability (Dominican Republic);",135.9 继续进行社会投资，着重于人口中最为脆弱的部分，特别是老年人、妇女、儿童及处于脆弱状况下的其他群体(多米尼加共和国)；
"The election of Mr. LI Yong, with his dynamism and drive, would further strengthen UNIDO.",当选的李勇先生将以他的活力和推动力进一步增强工发组织的实力。
Denmark,丹麦
"In two cases where this problem arose, the Trial Chambers ordered that the witnesses be removed from the witness list and the trial proceeded without their testimony.",在出现这个问题的两个案子中，审判分庭命令把这些证人的名字从证人名单上取消，审判在没有他们做证的情况下进行。
The jailer came in the evening.,” “千万别抛弃我，即使请你到我这儿来，要不就让我到你那儿去。
"That would be followed by a comprehensive evaluation of the mechanisms available to implement assistance programmes, including mobile training teams.",然后就是全面评价执行援助方案的可资利用的机制，包括流动培训组。
5) Building confidence and security in the use of ICTs,5) 树立使用信息通信技术的信心并提高安全性
Concerted action by States was required to overcome obstacles to achievement of the Millennium Development Goals.,要求各国采取一致行动，克服障碍，从而实现千年发展目标。
The new theory of the universe was ripped to pieces by many of the world's leading astronomers.,这种新的宇宙起源理论被世界上许多著名天文学家批得体无完肤。
B At least the sky is clear and blue.,B 至少天空是晴朗、蔚蓝的。
" Today, most of our countries have embarked on the process of democratization - with varied results, admittedly - but the desire to fit into the new order was the underlying reason for all."," 今天 , 我们 大多数 国家 都 已 踏上 民主 道路 - - 应该 承认 , 其 结果 不尽 相同 - - 但 适应 新 秩序 的 愿望 却是 所有 这 一切 的 根本 原因 。"
It is anticipated that with the introduction of the forthcoming new talent management system some of these technological challenges will be overcome.,预计随着新的人才管理制度的引进，以上某些技术方面的问题会得到克服。
"7. At 1400 hours an armed terrorist group held up passers-by on the international highway in the district of Nabk, assaulting and robbing them.",7. 14时零分，一个武装恐怖团伙劫持了在Nabk区国际公路上的行人，殴打并抢夺行人物品。
"Only five countries - Kazakhstan, Libya, Mauritania, Papua New Guinea and Saudi Arabia - had yet to ratify some of the amendments.",只有五个国家尚未批准某些修正，分别是哈萨克斯坦、利比亚、毛里塔尼亚、巴布亚新几内亚和沙特阿拉伯。
Two walls of the children's playground -- if you could call it that -- consisted of neatly packed human corpses.,儿童游乐场 -- -- 如果各位可以如此称呼的话 -- -- 的两堵墙是由整齐堆放的尸首构成的。
"In response to a request from the Assistant Secretary-General, Programme Planning, Budget and Accounts, Controller of the United Nations, in June 2000, the Office of Internal Oversight Services (OIOS) conducted an investigation into possible fee-splitting arrangements between defence counsel and indigent detainees at the International Criminal Tribunal for Rwanda and the International Tribunal for the Former Yugoslavia.",应主管方案规划、预算和帐务助理秘书长兼联合国主计长2000年6月提出的要求，内部监督事务厅(监督厅)对在卢旺达问题国际刑事法庭（卢旺达问题国际法庭）和前南斯拉夫问题国际法庭（前南问题国际法庭）可能有辩护律师同贫穷的被羁押人作出分享费用安排一事进行了调查。
"Of these, 86 per cent, or 212 million (152 to 287 million) cases, were in the Africa region.",86％的病例，即2.12亿例（1.52亿至2.87亿例）病例在非洲区域。
9. UNICEF efforts in helping to provide care and protection for children and women in unstable situations is derived from the principles of the Convention on the Rights of the Child and other international legal standards.,9. 儿童基金会依据《儿童权利公约》的原则及其他国际法律准则开展为处于不稳定局势中的儿童和妇女提供照顾和保护的工作。
This summer’s 50th anniversary of the International Atomic Energy Agency’s (IAEA) founding offers an opportunity for stocktaking about the world’s most important nuclear watchdog.,今年夏天国际原子能机构成立50周年给人们提供机会来检讨这一世界上最为重要的核子监督组织。
Article 41(15) report,第41条报告(15)
"(a) The eighth preambular paragraph, which had read:",( a ) 序言 部分 第 八段 原文 :
The Project is expected to provide unique opportunities for students and researchers to observe natural phenomena under simulated microgravity conditions on the ground and to inspire them to undertake further study in the fields of space science and space technology.,预计该项目将为学生和研究人员提供独特的机会，在地面模拟微重力条件下观察自然现象，并启发他们进一步开展空间科学和空间技术领域的研究。
"doctor, tree, tiger: team, crowd, audienceflour, sugar, honey clothing, machinery peace, advice, French many, few, a number of, a large quantity of A large number of schools are now equipped with computers.",（2）表示不定量的限定词可以修饰可数名词和不可数名词事表示不定量概念，其中可以修饰可数名词的不定量限定词有：等；如：很多学校都配备了计算机。
"Furthermore, in its resolution 1987/50 of 11 March 1987, the Commission on Human Rights, inter alia, reiterated its previous calls for the full restoration of all human rights to the population of Cyprus, in particular to the refugees; called for the tracing of and accounting for missing persons in Cyprus without any further delay; called for the restoration and respect of the human rights and fundamental freedoms of all Cypriots, including freedom of movement, the freedom of settlement and the right to property; and requested the Secretary-General to provide the Commission, at its forty-fourth session, with information relevant to the implementation of resolution 1987/50.",3. 此外，人权委员会在其1987年3月11日第1987/50号决议中，除其他外，特别重申了以往发出的关于充分恢复塞浦路斯人民特别是难民的各项人权的呼吁；呼吁立即寻找塞浦路斯失踪人员的下落并对其情况作出说明，不得再有任何拖延；呼吁恢复并尊重全体塞浦路斯人的人权和基本自由，包括迁徙自由、定居自由和财产所有权；请秘书长向人权委员会第四十四届会议提供有关第1987/50号决议执行情况的资料。
"We have strengthened our institutions and developed partnerships with technical and financial partners such as the World Health Organization, the International Diabetes Federation and the World Diabetes Foundation.",我们加强了卫生保健机构，并与诸如世界卫生组织、国际糖尿病联合会、世界糖尿病基金会等技术和金融合作伙伴建立了合作关系。
"Certainly, there are people whom I love.",世界上的确还有几个我所爱的人。
A. Enterprise resource planning,A. 企业资源规划
"Committee on Information, twenty-ninth session [General Assembly resolution 33/115 C]","新闻委员会,第二十九届会议[大会第33/115 C号决议]"
"The refurbishment programme, which is being funded by the United States of America and Norway, is continuing.",由美利坚合众国和挪威出资的翻修方案正在进行之中。
"In addition, external candidates who have been recruited are not deleted from the roster.",此外，已聘用的外部候选人也没有从名册中删除。
"For instance, UN Radio has covered the issue of terrorism in its “UN News Brief” and “News Magazine” as well as in its 15— and 30—minute series “L'Afrique à l'ONU”, “World in Review” and “UN in Action”.","例如，联合国电台的""联合国简讯""和""新闻杂志""以及15分钟和30分钟的广播系列""非洲在联合国""、""世界回顾""和""联合国在行动""等都报道过恐怖主义问题。"
1 November 1992,1992年11月1日
"Delegations are kindly requested to contact the Secretariat, in writing, by e-mail (Ms. Antonina Poliakova (poliakova@un.org)).",请各代表团通过电子邮件以书面形式与秘书处联系(Antonina Poliakova女士(poliakova@un.org))。
"19. Requests the Special Rapporteur to continue to consider including in his report information on the followup by Governments to his recommendations, visits and communications, including progress made and problems encountered;",19. 请特别报告员继续考虑在其报告中载录有关资料，说明各国政府就其建议、访问与信函采取的后续行动，包括所取得的进展和面临的问题；
"She notes first of all that, given the victim's detention until just a few hours before his death and his worrying state of health -- he was not old and had previously been in perfect health -- it was the responsibility of the prosecution service, not the family of the victim, to bring criminal proceedings.",她指出，首先，鉴于受害人一直被拘留到死前几小时才被释放，而且他的身体状况令人担忧(他的年纪并不老，以前身体很好)，应该由检察部门而不是受害人家属提起刑事诉讼。
"(f) To assist, in cooperation and coordination with other partners, in further building the capacity of State and Government institutions in areas where specialized expertise is required, such as in the justice sector, and to promote a ""compact"" between Timor-Leste and the international community for coordinating Government, United Nations and other multilateral and bilateral contributors to priority programmes;","(f) 与其他合作伙伴合作和协调，在需要专门知识的领域，例如在司法部门，协助国家和政府机构进一步建立能力，促进东帝汶与国际社会缔结""契约""，以便东帝汶政府、联合国及其他多边和双边捐助者协调实施优先方案；"
"Establishing your weight loss account for a purchase of a special indulgence - like a manicure, massage, cosmetic, running shoes, DVD, or whatever is a treat to you - can both jump start your initial effort, and help keep you on track for the long term.",之后你可以将作为刺激因素而事来的钱拿来好好犒劳自己，如享受修指甲、推拿按摩服务，购买化妆品、跑鞋、DVD或任何你认为可以慰劳自己的东西。 这样一来，既可以让你原先作出的努力有所回报，有可以让你的减肥计划能长期坚持下去。
"283. The award of such pensions requires the insured person, who must have completed 52 weeks of insurance contributions in respect of industrial accidents and occupational diseases, to have suffered a partial loss of the capacity to work greater than 20 per cent.",283. 这种养老金的提供要求投保人已缴纳52周的工业事故和职业病保险费，且其部分丧失工作能力的程度在20%以上。
UNFPA devised a dedicated email address to communicate information as soon as there was an escalation of the alert phase.,人口基金设立了一个专用电邮地址，一旦警告升级则尽快沟通信息。
car bangers Thieves who steal form automobiles.,： 汽车窃贼从汽车里偷东西的贼。
"On Connectivity, the Government will open up the external facilities market based on satellites and new submarine or land cables. A total of 34 applications for such external facilities licences have been received and the Government aims to complete the evaluation of these applications by early 2000.",在接连方面，政府将开放以卫星及新的海底或陆上电缆为基础的对外电讯设施市场，并已收到三十四份有关提供上述对外电讯设施牌照的申请，政府旨在于二零零零年年初完成这些申请的评审工作。
“I agree with you．We can do nothing in occupied  Rouen．”,在鲁昂这个被占领的地方我们只会一事无成。
"Finally, the Committee is concerned that the human rights of children are not yet integrated in a fundamental body of law.",最后，委员会关注的是，儿童权利并未融入基本法律体系。
Chapter,章次
Thailand looks forward to actively participating in those meetings.,泰国期望积极参加这些会议。
"Now that Jerry Yang is planning to cut 10% of Yahoo's work force, he might want to contemplate saving a bit more money by firing his investment-banking advisers.",既然杨致远(Jerry Yang)已经计划在雅虎(Yahoo)裁员10%，他也许可以考虑再多节约点钱，解聘自己的投资银行顾问。
AGA informed the Group that no weapons or other security equipment would be required before August 2005.,AGA公司通知专家组，在2005年8月之前不需要武器或其他安保设备。
I dreamed about my native village.,我梦见我的家乡.
"Panel discussions and interactive dialogue with the participation of high-level officials of major international disarmament bodies, including the International Atomic Energy Agency, the Preparatory Commission for the Comprehensive Nuclear-Test-Ban Treaty Organization, the Organization for the Prohibition of Chemical Weapons, the Conference on Disarmament and others, explored conceptual as well as practical aspects of national and international security.",国际原子能机构、全面禁止核试验条约组织筹备委员会、禁止化学武器组织、裁军谈判会议等主要国际裁军机构高级别官员参加的小组讨论和互动对话，探讨了国家和国际安全的概念性和实际方面。
"Uh, yes. I have a summer place up in lake pleasant.",是的，我在湖边有套别墅。
The whole thing was so fantastic that I couldn't help being amused.,"整个这件事情实在太稀奇古怪了,我自己都不由得感到好笑."
"When South Korea joined the World Trade Organization and opened its fruit market in January 1995, the government lent Mrs. Yoon 15 million won, or about $14,300, at a 3% interest rate, and her family built greenhouses that year.","当韩国1995年加入世界贸易组织(WTO)并开放水果市场时，政府以3%的利息贷给了他们一家1,500万韩圆，约合1.43万美元，当年家里就建起了几座种植大棚。"
"The specific administrative regulations in this regard include the Special Regulations of the State Council on Strengthening Safety Supervision and Administration of Food and Other Products, Regulations of the People's Republic of China on the Administration of Production Licenses for Industrial Products, Regulations of the People's Republic of China on Certification and Accreditation, Regulations for the Implementation of the Law of the People's Republic of China on Import and Export Commodity Inspection, Regulations for the Implementation of the Law of the People's Republic of China on Animal and Plant Entry and Exit Quarantine, Administrative Regulations of the People's Republic of China on Veterinary Medicine, Administrative Regulations of the People's Republic of China on Pesticides, Provisions of the People's Republic of China on Place of Origin of Export Goods, Regulations for the Implementation of the Standardization Law of the People's Republic of China, Measures for Investigating, Punishing and Banning Unlicensed Business Operations, Regulations on the Administration of Feedstuffs and Feed Additives, Administrative Regulations on the Safety of Genetically Modified Agricultural Organisms and Regulations of the People's Republic of China on Import and Export of Endangered Wild Fauna and Flora.",法律包括《中华人民共和国产品质量法》、《中华人民共和国标准化法》、《中华人民共和国计量法》、《中华人民共和国消费者权益保护法》、《中华人民共和国农产品质量安全法》、《中华人民共和国刑法》、《中华人民共和国食品卫生法》、《中华人民共和国进出口商品检验法》、《中华人民共和国进出境动植物检疫法》、《中华人民共和国国境卫生检疫法》和《中华人民共和国动物防疫法》等。行政法规包括《国务院关于加强食品等产品安全监督管理的特别规定》、《中华人民共和国工业产品生产许可证管理条例》、《中华人民共和国认证认可条例》、《中华人民共和国进出口商品检验法实施条例》、《中华人民共和国进出境动植物检疫法实施条例》、《中华人民共和国兽药管理条例》、《中华人民共和国农药管理条例》、《中华人民共和国出口货物原产地规则》、《中华人民共和国标准化法实施条例》、《无照经营查处取缔办法》、《饲料和饲料添加剂管理条例》、《农业转基因生物安全管理条例》和《中华人民共和国濒危野生动植物进出口管理条例》等。
F. Debt bondage,F. 债役
"But Jesus beheld them, and said unto them, With men this is impossible; but with God all things are possible.",耶稣看着他们说，在人这是不能的。在神凡事都能。
" 13. Pollution of the atmosphere from industrial activity in the developed market economies appears to have moderated over the past two decades with improved energy efficiency, conservation and the decarbonization of fuels."," 13 . 在 发达 市场经济 国家 , 工业 活动 对 大气层 的 污染 似乎 在 过去 二十年 来 随 着 能源 效率 提高 、 节约 燃料 和 脱去 燃料 中 的 含碳量 而 趋于 缓和 。"
"Next day, the same routine  cycle ensues. Huh?","第二天, 这种生活重复循环着."
"Moreover, in undertaking these operations and regardless of the legality of the operation, the Israeli forces were obliged to do so in accordance with the law, including Israel's international human rights obligations.",此外，在采取这些行动时，无论行动的合法性如何，以色列军队有义务按照法律，包括以色列的国际人权义务行事。
The last sentence captured the windmill man.,最后一句话把那个做风车生意的人将了一军.
How is result blood disease treated? Which to treat?,功血病怎么治? 在哪治?
Having conducted the review of Dominica on 7 December 2009 in conformity with all the relevant provisions contained in Council resolution 5/1;,按照理事会第5/1号决议所载的所有相关规定，于2009年12月7日对多米尼克进行了审议；
Any doubts concerning the validity of the accusation shall be interpreted in favour of the accused.,涉及指控有效性的任何疑问应作有利于被告的解释。
"Its work was helping to create a more conducive environment for addressing the female dimensions of the pandemic, but the results were still unsatisfactory.",妇发基金的工作为在大流行病中顾及与女性相关的各种问题创造了更加有利的环境，但取得的成果仍然是不够的。
On the basis of investigation on industry practice some current calculation and estimation methods for technologic economics are summed up from several iron and steel enterprises.,在深入现场调查研究的基础上，概括并分析了一些企业现行的计算和评价方法；
paras. 136 and 147,第136和147段
She was two up on her opponent.,她胜过对手两分。
Law No. 95 of 4 September 1997 and subsequent implementing rules amended past provisions on the granting of stay and residence permits to foreigners.,1997年9月4日第95号法律及随后的实施细则对过去关于向外国人发放临时居留和居住许可的规定作出了修正。
"For the period from April to December 2006, 37 additional positions have been requested, bringing the proposed staffing level to 345, reflecting an increase of three international (3 Field Service), 31 national (8 National Officer, 23 Local level) and three United Nations Volunteers positions.",现已为2006年4月至12月期间请设37个新职位，使拟设职位数达345个，包括增加3个国际人员职位(3个外勤人员）、31个本国工作人员(8个本国干事，23个当地雇员）职位以及3个联合国志愿人员职位。
I'm broke. Burt: Maybe you can lease a car,勃特：你可以租一辆，不需要多少钱
"The other charge alleges the decoration worker of possessing a dangerous drug, namely, 0.36 gram of cannabis in herbal form, on July 9, 2007.",另一项控罪指该名装修工人於去年七月九日涉嫌管有危险药物，即零点三六克大麻草。
"It further provides that all Parties shall formulate, implement, publish and regularly update national programmes"" to address climate change.",《气候公约》同时也要求所有缔约方制定、执行、公布并经常更新应对气候变化的国家方案。
"Moreover, its stories gained visibility on popular search engines, such as Google News, including through increased pick-up by news aggregator sites and a variety of other media outlets.",此外，通过新闻搜集网站和各种其它媒体加大对新闻的提取，联合国新闻服务处的报道在诸如谷歌新闻等大众搜索引擎上的可见度有所提高。
"22. The integrated United Nations library service would, inter alia:",22. 联合国综合图书馆处除其他外将开展以下工作：
19.I would like my beefsteak well done.,我要熟一点儿的牛排。
18 July 2003,2003年7月18日
"As discussed under phase I above, the first step in the transformation will begin in the 2011/12 financial period with the transfer of asset management functions from Headquarters to UNLB.",如上文述及第一阶段时所述，转换的头一步将从2011/12年财政期间开始，届时将把资产管理职能从总部转到后勤基地。
Vacancy rates,空缺率
What is happiness? People have come up with various answers to this question.,幸福是什么? 对这个问题人们有各种各样的答案.
"Even the excellent chapter on game theory has a practical hero: the card player, Chris “Jesus” Ferguson, who applied its lessons to win the poker world championship in 2000.",即使是介绍博弈论的优秀篇章也会引用现实中的英雄做为例证：玩牌人Chris “Jesus” Ferguson曾运用此理论在2000年世界扑克锦标赛中胜出。
"The Ministry of Education is working on the formulation of the Regulations on Administration of Secondary Vocational School Internships (for Trial Implementation), in order to further protect the lawful rights and interests of students during internship training.",目前，教育部正在研究制定《职业学校顶岗实习管理规定(试行)》，以进一步维护学生在实习实训中的合法权益。
1. Procedural matters:,1. 程序事项：
Draft decision A/64/L.47 was adopted.,决定草案A/64/L.47获得通过。
"S/RES/1806 (2008), op.14",S/RES/1806(2008)，执行部分第14段
"Of the total number of inhabitants counted in the census, 63,879 (78%) had reached the age of majority.","在人口普查统计出来的居民总人数中，有63,879人(78%)已经成年。"
Rule 1,第 1 条
"Zeyad Khalaf Hamadie Al-Gertani (represented by counsel, Nedzmija Kukricar)",Zeyad Khalaf Hamadie Al-Gertani (由律师Nedzmija Kukricar代理)
"2. Requests the new Special Rapporteur, in accordance with his mandate, to provide comprehensive and up-to-date information on the adverse effects that the improper management and disposal of hazardous substances and wastes may have on the full enjoyment of human rights, for example, information on:",2. 请新任特别报告员根据其任务规定，提供关于危险物质及废料的不当管理和处置对享受人权可能产生的不利影响的全面和最新资料，如关于以下方面的资料：
"New York, 2-27 July 2012",2012年7月2日至27日，纽约
Please provide the name of the monitoring institution in charge and the monitoring result.,请提供负责监测的机构名称及监测结果。
"International IDEA is also undertaking political party training in Khartoum for 22 political parties, funded by UNDP.",国际民主和选举援助学会(民主选举学会)也在开发署的资助下，在喀土穆为22个政党进行政党培训。
"However, developing-country firms may also bring disadvantages to their hosts.",26. 但是，发展中国家的公司企业可能也会给东道国带来不利的因素。
"This will be on full display at the end of June, when South Korea’s new president, Park Geun-hye, visits Beijing to meet China’s new president, Xi Jinping.",六月底韩国新总统朴槿惠访问北京会晤中国新任主席习近平充分表明会谈惠及中韩关系。
Participants at the meeting also discussed the problems experienced during implementation of the pilot projects.,与会者还探讨了在执行试验项目过程中遇到的问题。
wound[wu:nd]My watch has stopped for I didn't wind it last night.She wound a little cat in her arms.,我的手表停了，因为我昨晚没有上发条。 她抱着小猫。
Land for construction purposes in starting enterprises provided for in the preceding paragraph shall be put under strict control.,按照前款规定兴办企业的建设用地，必须严格控制。
"So the challenge was, I worked for Microsoft for a little bit, working on the Microsoft Barney.",所以挑战在于，我曾为微软工作过，微软巴尼娃娃。
17. It was suggested that the Authority should facilitate the integration and distribution of environmental data and information from contractors through database development.,17. 有人提议，管理局应促进通过开发数据库来纳入和传播来自承包者的环境数据和信息。
"3. Similarly, explanatory statements of position may be made in connection with a decision taken without a vote.",3. 同样，对于不进行表决作出的决定，也可发言对立场加以解释。
"It also regrets the lack of information on policies to protect the children of migrant workers in the State party, including those in an irregular situation.",委员会还遗憾地感到，警方没有缔约国境内保护移徙工人儿童，包括那些无正规身份儿童的资料。
It also includes large packagings which differ from the design type only in their lesser design height.,它也包括仅在设计高度上比设计型号小的大型容器。
The Prosecutor has also appealed against the finding of not guilty entered on certain counts.,检察官也对判决书对某些罪项作出无罪裁定提出上诉。
"In the creation of the Slovak Republic, particular attention was paid to providing continuity and stability of the legal system as the essential prerequisite for the stability of State institutions and the observance of human rights.",4. 在建立斯洛伐克共和国的过程中，特别注意到作为保持国家机构稳定和尊重人权的主要先决条件的法律系统的连续性和稳定性。
"It is anticipated that with the full implementation of both Releases 3 and 4, most of the consultancy requirements will no longer be required.",预计随着单元三和单元四的充分执行，将不再要求提供大多数所需顾问费用。
The discrimination in weapons also amounts to a discrimination against human beings.,对武器的区别对待等同于对人的歧视。
My country joins others in calling for increased international cooperation in space technology.,"我国 同 其他 国家 一道 , 呼吁 加强 国际 空间 技术 的 合作 。"
63. Latvia noted with satisfaction Andorra's firm commitment to protecting and promoting human rights and its generally good human rights record.,63. 拉脱维亚满意地注意到安道尔对保护和促进人权的坚定承诺及其总体良好的人权记录。
Table 4,表4
388. The Government of the United Kingdom has sought to raise awareness of the Group’s due diligence guidelines in several ways.,388. 联合王国政府努力以多种方式提高对专家组《尽职调查准则》的认识。
 (e) Enhancement of the effectiveness of the approved roster of bidders and the formulation of standard and transparent guidelines and procedures for the pre-qualification of potential suppliers;," ( e ) 增强 核定 投标者 名册 的 效力 , 并 制订 可能 的 供应 商 资格 预审 的 标准 和 透明 的 准则 和 程序 ;"
(c) Confirmation of the appointment of members of the Investments Committee (resolution 155 (II) of 15 November 1947 and decision 58/414 of 17 December 2003);,(c) 认可投资委员会成员的任命（1947年11月15日第155（II）号决议和2003年12月17日第58/414号决定）；
Report on Housing Authority Project Completion,房屋委员会工程项目完成报告
(ii) The tendency with regards to cannon shells is that the threat to the local population and the clearance effort or danger is more or less proportional to numbers found on the ground.,在炮弹方面的趋势是，对当地民众的威胁以及排雷的努力或危险或多或少与现场发现的数量成比例关系。
General Assembly resolution 39/46 A,大会第39/46 A号决议
(ii) Group training including seminars and workshops,"㈡㈡集体培训,包括讨论会和讲习班。"
"Possible alternatives to deal with the problem, such as biological or chemical treatment methods to deal with the unwanted organisms, or improved ship designs, are currently being studied.","处理这个问题的其他办法,如对付有害微生物的生物或化学处理方法,或改进船舶设计等,目前正在研究之中。"
"The group also welcomed the participation in this meeting of Ms. Tina Guthrie (Canada) and Mr. Klaus Broersma (Netherlands) as two additional experts invited in accordance with paragraph 2 of the LEG terms of reference which states that ""the group may draw upon additional expertise as deemed necessary"".",6. 根据专家组职权范围第2段的规定(小组必要时可请更多的专家)，小组还欢迎蒂娜·居特里女士(加拿大)和克劳斯·布勒斯曼先生(荷兰)作为额外邀请的两名专家与会。
User-Centered Professionals at IBM,eBay招聘高级用户体验研究员
The aim of the survey was to find out the problems that specialists who fight against trafficking in human beings have to deal with.,该调查的目的在于找出打击贩运人口专家必须处理的问题。
A: I suppose Im a reasonable student. I passed all my tests and enjoyed studying subjects that interested me,A: 我想我是一个挺好的学生，我通过了所有的考试，而且喜欢学习我感兴趣的课程
Opening of the session,会议开幕
Twelve of these Teams included specialists on international labour standards.,其中 12 个 拥有 国际 劳工 标准 的 专家 。
The measures for the administration of issuance and transaction of securities derivatives shall be prescribed by the State Council according to the principles of the present Law.,证券衍生品种发行、交易的管理办法，由国务院依照本法的原则规定。
"(H.Jackson , British writer)  Happy is the man who is living by his hobby.",（英国作家 杰克逊.H.）来源：优习网醉心于某种癖好的人是幸福的。
"In two cases, Rolando Portaleza and Jacqueline Paguntalan, members of Bayan Muna Party List, were allegedly abducted at the Agata beach resort, Baranguay Kilim, Baybay, by Tagalog-speaking persons in civilian clothes believed to belong to the ISU of the 8th Infantry Division of the Philippines Army.",在两起案件中，菲律宾人民第一党成员罗兰多·波特拉扎和杰奎琳·帕干塔兰据称在贝贝城Baranguay Kilim 的Agata海滩度假村遭到一伙身着便衣的人绑架，这伙人讲的是他加禄语，据信属于菲律宾陆军第8步兵师的情报服务单位。
"On the other hand, weather conditions in 1999 were favourable to opium production, resulting in an improved yield.",但1999年的天气条件对鸦片生产有利，致使产量增加。
Emissions trading,排放量交易
The members of the Subcommittee expressed their gratitude to IAEA for having co-sponsored the workshop.,118. 小组委员会各成员感谢原子能机构合办此次讲习班。
(Percentages),(百分比)
People believe that computer skills will enhance their job opportunities or promotion opportunities. 23,人们相信拥有计算机技术可以获得更多工作或提升的机会
"Essentially a fine food wine with roasted chicken, pastas and creamy cheese buttery sauces.",一款适合于烤鸡 、 意大利面、奶油干酪一起享用的美酒.
"Liability would be incurred in any case by the liable private party and, possibly - if the ideas expressed in footnote 7 are accepted - by a group of liable parties.","有 责任 的 私人 当事者 在 任何 案件 中 都 要 承受 责任 , 如果 接受 脚注 7 所 表示 的 观念 的 话 , 一批 有 责任 的 当事者 也 可能 要 承受 责任 。"
" Recalling General Assembly resolution 43/181 of 20 December 1988 on the Global Strategy for Shelter to the Year 2000,"," 回顾 大会 关于 《 到 2 000年 的 全球 住房 战略 》 的 1988年 12月 20日 第43 / 181 号 决议 ,"
49. Women and their husbands and children who are non-nationals also face difficulties in their access to work.,49. 作为非国民的妇女及其丈夫和子女在就业方面也会遇到困难。
"The two ""flagship"" reports, TIR and IER, are launched through international events and presented at international conferences.","两份""旗舰""报告----《技术和创新报告》和《信息经济报告》通过国际活动发布并在国际会议上推出。"
Conclusion: Lymphoma with spinal epidural or intradural involvement at initial presentation is an aggressive disease.,结论: 以硬膜上或硬膜内压迫为初始症状之淋巴瘤是一种进行快速的疾病.
"6. The embargo imposed by the Government of the United States of America on Cuba has been in place for almost five decades, adversely affecting the standard of living of Cuban citizens and the normal functioning of the Cuban economy.",6. 美利坚合众国政府对古巴实行封锁已有近50年了，对古巴公民的生活水平和古巴经济的正常运作产生了不利影响。
